text,label
"The United Nations announced today that it will convene an emergency session to discuss new climate policies and sustainable development initiatives across member states.",0
"Healthcare officials reported that vaccination rates have reached an all-time high in the region, with over 85% of the adult population now fully immunized against preventable diseases.",0
"The Federal Reserve chairman testified before Congress on economic stability, stating that interest rates remain appropriate for current inflation levels and labor market conditions.",0
"A major university completed a five-year study proving that renewable energy sources can reliably power a modern industrial economy without requiring fossil fuels.",0
"The national weather service issued updated forecasts showing typical seasonal patterns with mild temperatures expected throughout the month.",0
"Automotive manufacturers announced record sales in the electric vehicle segment, with production facilities now operating at full capacity to meet rising consumer demand.",0
"Sports analysts reported that the championship team won their third consecutive title after a defensive performance in the finals against their rivals.",0
"Technology companies released quarterly earnings reports showing steady revenue growth and expanded customer bases in international markets.",0
"The education department unveiled a new curriculum framework designed to improve critical thinking skills and STEM literacy in primary schools.",0
"A peer-reviewed journal published findings from multiple universities confirming the effectiveness of a new treatment protocol for chronic diseases.",0
"The city council approved zoning changes to allow mixed-use development in downtown areas, aiming to increase housing supply and commercial opportunities.",0
"Agricultural researchers announced successful crop yield improvements through modern irrigation techniques and soil management practices.",0
"The transportation department completed construction of a major highway expansion project that will reduce congestion in commuter corridors.",0
"Environmental agencies reported that air quality indices have improved significantly after implementing stricter emissions standards for industrial facilities.",0
"Museum curators announced an exhibition featuring historical artifacts from ancient civilizations with accompanying educational programs for students.",0
"The stock market closed with gains across major indices as investors responded positively to corporate earnings announcements.",0
"Public health officials confirmed that disease outbreak reports remain under control with appropriate containment measures in place.",0
"A technology startup secured significant venture funding to expand operations and develop new features for its cloud computing platform.",0
"The national sports federation announced new training programs for athletes preparing for upcoming international competitions.",0
"Community leaders organized a charity event that raised funds for local schools and youth programs in underserved neighborhoods.",0
"EXCLUSIVE LEAKED DOCUMENTS PROVE THE GOVERNMENT HAS BEEN HIDING ALIEN TECHNOLOGY FOR DECADES IN SECRET UNDERGROUND BUNKERS!!!",1
"Scientists confirm that a miracle supplement found in rare Himalayan plants can reverse aging by 20 years and cure all forms of cancer instantly.",1
"Breaking: The billionaire owner of major tech companies is actually an AI robot sent from the future to control humanity and establish a new world order.",1
"URGENT WARNING: The new 5G towers are designed to inject mind-control chips into everyone's brain through invisible electromagnetic waves.",1
"This shocking video proves that the moon landing was completely staged by Hollywood actors in a secret film studio decades ago.",1
"A former government whistleblower revealed that reptilians disguised as humans have infiltrated the highest levels of world governments.",1
"THEY DON'T WANT YOU TO KNOW: This simple homemade recipe cures diabetes, Alzheimer's, and cancer in just 3 days without any side effects.",1
"Doctors confirm that vaccines contain deadly toxins and microchips that will make you infertile within 5 years of receiving an injection.",1
"The banks are deliberately crashing the economy to enslave the population and implement a cashless surveillance state.",1
"This banned video shows proof that dinosaurs still exist in hidden underground cities controlled by the federal government.",1
"Breaking news alert: A global conspiracy of elite billionaires is orchestrating wars and pandemics to reduce the world population.",1
"SHARE BEFORE DELETION: Your tap water contains a secret chemical that causes sterility and was approved by corrupt government agencies.",1
"Scientists discovered that the Earth is actually flat and NASA has been lying to everyone for hundreds of years with fake space photos.",1
"Celebrity doctors reveal the truth about a natural cure that big pharma companies desperately hide because it destroys their profit margins.",1
"Anonymous sources confirm that the elections are rigged by a shadow government using advanced technology to manipulate voting machines.",1
"This incredible discovery shows that pyramids were built by aliens and archaeologists are covering up the truth at archaeological sites.",1
"Breaking: A secret document proves that your cell phone is constantly tracking your location and recording all private conversations.",1
"URGENT: Hospitals are intentionally misdiagnosing patients to sell expensive treatments from pharmaceutical companies in a massive conspiracy.",1
"Declassified files reveal that the government created COVID-19 in a laboratory as a bioweapon to control population growth.",1
"Scientists found irrefutable evidence that fluoride in water supplies causes severe neurological damage and is used for mind control.",1
"The international space station is actually a military weapons platform disguised as a scientific research facility by NASA.",1
"This shocking confession from a former actor reveals that Hollywood is controlled by a secret pedophile ring operating from underground tunnels.",1
"Breaking: Financial experts warn that paper money will be replaced by digital chips implanted in your wrist as part of a global takeover plan.",1
"VIRAL PROOF: The government is spraying chemtrails from airplanes to poison the population and reduce birth rates systematically.",1
"A defrocked priest revealed that all organized religions are fronts for a satanic cult controlling world governments from the shadows.",1
"Experts confirm that a simple mixture of baking soda and lemon juice cures all diseases including terminal cancer in weeks.",1
"Breaking news from underground sources: A worldwide government has already prepared concentration camps for population control.",1
"Scientists say that consuming raw garlic and apple cider vinegar daily will make you immune to all illnesses and extend life by 50 years.",1
"THEY DELETED THIS: Video footage proving that royalty is actually part of an interdimensional reptilian race ruling Earth.",1
"This leaked memo shows that major tech companies have been working with intelligence agencies to spy on every citizen's internet activity.",1
"The World Health Organization is deliberately spreading misinformation to sell expensive vaccines and medications to unsuspecting populations.",1
"Insider information reveals that underground cities exist beneath major metropolitan areas where the elite hide during apocalyptic events.",1
"Breaking: A whistleblower exposed that the moon base has already been established and is being used for secret military operations.",1
"Financial advisors warn of imminent economic collapse and recommend hiding money in precious metals buried in secret locations.",1
"This documentary shows undeniable proof that bigfoot is a genetically engineered creature created by government scientists.",1
"Recent studies indicate that drinking colloidal silver can cure virtually every disease known to medicine despite medical warnings.",1
"Breaking urgent alert: Major tech companies are installing surveillance cameras in your smart home devices to monitor your private moments.",1
"Archaeologists discovered ancient texts proving that dinosaurs and humans coexisted and this knowledge has been suppressed for decades.",1
"This shocking investigation reveals that a secret space program has been conducting missions to Mars using advanced alien technology.",1
"EXCLUSIVE: Documents prove that the government has technology to control weather and has been causing hurricanes deliberately.",1
"Scientists confirm that essential oils and crystals can heal any disease faster than pharmaceuticals in a fraction of the cost.",1
"Breaking: Multiple sources confirm that intelligent life exists on Venus and governments have been hiding this discovery.",1
"This viral message reveals the truth about chemtrails being used to sterilize populations without their knowledge or consent.",1
"Researchers found that sound frequencies can permanently cure hearing loss and major corporations are suppressing this discovery.",1
"A senior military officer revealed that UFO sightings are real and the government has been in contact with aliens since 1947.",1
"Breaking news: The shadow government has already created a vaccine designed to reduce human lifespan and fertility rates.",1
"This exclusive report shows that major pharmaceutical companies intentionally make drugs addictive to maximize profits.",1
"Scientists discovered that cancer has been cured decades ago but corporations suppress the cure to maintain treatment profits.",1
"Recent investigation proves that the stock market is completely rigged by banks for their exclusive benefit.",1
"URGENT WARNING: 5G technology will cause widespread infertility within two years according to leaked government studies.",1
"This stunning revelation shows that climate change is a hoax invented to justify new taxes on the global population.",1
"Breaking exclusive: The CDC intentionally created the pandemic to force vaccination compliance on the entire world.",1
"A celebrated author and wellness expert announced her new book on evidence-based nutrition that has helped millions improve their health outcomes.",0
"The national academy of sciences published a comprehensive report on climate science that was reviewed by hundreds of peer scientists.",0
"Regulatory agencies confirmed that the new safety standards for industrial production have reduced workplace injuries by 40 percent.",0
"A major hospital chain reported successful outcomes from a new surgical technique that has been rigorously tested and validated.",0
"Environmental scientists documented the recovery of endangered species populations after decades of conservation efforts.",0
"The international monetary fund released economic data showing GDP growth across multiple regions with improving employment statistics.",0
"A pharmaceutical company announced FDA approval of a new medication after completing all required clinical trials with positive results.",0
"Education researchers published findings showing that evidence-based teaching methods significantly improve student learning outcomes.",0
"The department of transportation reported decreased fatal accidents after implementing new safety regulations on highways.",0
"Scientists at leading research institutions confirmed the discovery of a new renewable energy technology through independent verification.",0
"A major technology company released security updates that were verified by independent cybersecurity firms to be effective.",0
"The national weather service provided accurate seasonal forecasts based on meteorological data and climate models.",0
"A university conducted a longitudinal study tracking health outcomes for thousands of participants over a decade.",0
"Agricultural agencies reported record harvests using sustainable farming practices that increase soil quality.",0
"The Olympic committee announced new anti-doping protocols that meet international standards for athlete safety.",0
"Economic data shows that small businesses have grown significantly with new support programs from the government.",0
"A major airline announced its commitment to reaching net-zero emissions by 2050 with specific measurable goals.",0
"Public health campaigns have successfully increased awareness about preventive healthcare and wellness initiatives.",0
"Scientists at multiple institutions replicated groundbreaking research confirming its validity and importance.",0
"A SHADOW GOVERNMENT COMPOSED OF ILLUMINATI ELITE CONTROLS ALL WORLD EVENTS AND ELECTIONS THROUGH OCCULT RITUALS!!!",1
"SHOCKING REVELATION: The Pope is actually an alien reptile disguised as a human religious leader for 500 years!!!",1
"LEAKED FILES PROVE: NASA FAKED ALL MOON LANDINGS IN A HOLLYWOOD STUDIO WITH STANLEY KUBRICK AS DIRECTOR!!!",1
"URGENT HEALTH WARNING: All tap water contains cancer-causing chemicals injected by the government to depopulate nations!!!",1
"BREAKING: Your smartphone has a secret camera and microphone recording your private moments 24/7 for government surveillance!!!",1
"DOCTORS HATE THIS: ONE WEIRD TRICK using turmeric can cure heart disease, diabetes and cancer in just two weeks!!!",1
"EXCLUSIVE LEAK: The government has alien spaceships hidden at Area 51 and has been reverse-engineering their technology!!!",1
"SHOCKING TRUTH: All celebrities are clones created in underground laboratories and replaced at specific intervals!!!",1
"WARNING FROM INSIDERS: The global financial system is completely controlled by a secret cabal of bankers!!!",1
"VIRAL PROOF: Chemtrails are deliberately poisoning the population to reduce lifespan and birth rates systematically!!!",1
"EXPOSED: The deep state is planning to declare martial law and establish concentration camps for political prisoners!!!",1
"HORRIFYING DISCOVERY: Your DNA has been secretly tracked since birth by an implanted surveillance microchip!!!",1
"WHISTLEBLOWER REVEALS: The military has underground bases where they breed hybrid alien-human creatures!!!",1
"URGENT: All smart devices contain AI programs designed to spy on you and report to government agencies continuously!!!",1
"SHOCKING LEAKED DOCS: The UN is implementing a secret world government plan to enslave all humanity!!!",1
"MUST WATCH: This banned documentary shows proof that gravity is fake and Earth is actually stationary!!!",1
"EXCLUSIVE EVIDENCE: The royal family are shape-shifting reptilians from outer space ruling the planet!!!",1
"DEVASTATING TRUTH: Vaccines contain aborted fetal cells and turn your children into government-controlled zombies!!!",1
"RESEARCHERS CONFIRM: A miracle tea from exotic plants cures every disease and extends life for 200 years!!!",1
"LEAKED INTEL: Major pharmaceutical companies created AIDS and other viruses in secret laboratories!!!",1
"BREAKING NEWS SUPPRESSED: The government has time travel technology and has been changing historical events!!!",1
"SHOCKING REVELATION: Your local police departments work for a secret military organization controlling cities!!!",1
"MUST READ: This ancient prophecy describes exactly how the global government will take over the world!!!",1
"DOCTORS HATE THIS SIMPLE TRICK: Drinking salt water cures cancer better than any pharmaceutical treatment!!!",1
"EXPOSED CONSPIRACY: The entertainment industry is brainwashing children through subliminal messages in cartoons!!!",1
"URGENT ALERT: Fluoride in toothpaste is actually a neurotoxin causing brain damage and low IQ in children!!!",1
"SHOCKING PROOF: The moon landing conspiracy goes deeper with hidden bases established by the government!!!",1
"BREAKING: Monsanto seeds are genetically modified to make people sterile within three generations!!!",1
"DEVASTATING FINDINGS: 5G towers emit radiation that causes immediate neurological damage to nearby residents!!!",1
"LEAKED DOCUMENTS SHOW: The government has weather control machines that trigger earthquakes and tsunamis!!!",1
"MUST KNOW: Your water meter contains a tracking device that monitors all of your daily activities!!!",1
"SHOCKING TRUTH EXPOSED: The Earth is actually a flat plane surrounded by ice walls guarded by governments!!!",1
"URGENT WARNING FROM EXPERTS: All modern medicine is controlled by corporations hiding natural cures!!!",1
"The American Heart Association released updated guidelines based on systematic reviews of cardiovascular research.",0
"A bipartisan commission studied infrastructure needs and published detailed recommendations with cost projections.",0
"The national science foundation announced grants for research projects that met rigorous peer review standards.",0
"A major university hospital reported a 35% improvement in patient outcomes using standardized treatment protocols.",0
"Agricultural economists documented increased efficiency from precision farming techniques verified by field studies.",0
"The department of energy published reports on renewable energy development milestones and progress metrics.",0
"Consumer protection agencies released findings from testing products for safety and compliance with regulations.",0
"International health organizations coordinated response efforts to outbreaks using established epidemiological methods.",0
"A technology manufacturer published transparent reports on supply chain practices and labor standards.",0
"The census bureau released demographic data collected through systematic surveys and statistical analysis.",0
"Environmental protection agencies documented water quality improvements in major rivers after cleanup initiatives.",0
"A financial regulatory body implemented new oversight measures to protect consumers based on legislative requirements.",0
"Scientists at the max planck institute conducted experiments that revealed fundamental properties of physics.",0
"A construction company completed a major infrastructure project on schedule using modern engineering practices.",0
"Public transit agencies reported increased ridership after implementing service improvements and fare adjustments.",0
"The World Health Organization published evidence-based guidelines for managing infectious diseases globally.",0
"A renewable energy company expanded operations after proving the economic viability of solar installations.",0
"Economists at major universities published peer-reviewed research on employment trends and wage growth factors.",0
"A telecommunications company upgraded network infrastructure based on engineering standards and technical specifications.",0
"The national academy of engineering published standards for infrastructure safety and environmental protection.",0
"THEY DONT WANT YOU KNOWING THIS TRUTH: Every smartphone contains tracking nanobots injected through factory processes!!!",1
"DOCTORS KEEP THIS SECRET: Eating the seeds from fruit cures all forms of cancer permanently in weeks!!!",1
"EXCLUSIVE LEAKED VIDEO: Governments meet secretly with alien leaders to plan global population elimination!!!",1
"SHOCKING DISCOVERY HIDDEN FROM PUBLIC: The sun is actually a plasma device controlled by advanced beings!!!",1
"URGENT HEALTH ALERT: Prescription medications cause more deaths than illegal drugs but pharma hides the data!!!",1
"BREAKING REVELATION: All disasters and wars are orchestrated by elite billionaires for financial profit!!!",1
"BANNED INFORMATION: This ancient herb is 10000 times more powerful than any modern cancer treatment!!!",1
"SECRET GOVERNMENT FILES RELEASED: Aliens have colonies throughout our solar system and moons right now!!!",1
"THIS VIDEO WAS REMOVED: Proof that the government has technology to read your thoughts telepathically!!!",1
"SUPPRESSED STUDY SHOWS: The vaccine contains particles that multiply inside your body and cause mutations!!!",1
"DOCTORS EXPOSED: Medical schools teach treatments that don't work to keep patients dependent on pills!!!",1
"LEAKED AUDIO RECORDING: High-ranking officials admit that climate change is completely fabricated science!!!",1
"SHOCKING COURT DOCUMENTS: The legal system is designed by corporations to trap people into debt slavery!!!",1
"REVEALED AT LAST: The government created COVID-19 to install tracking systems in every vaccine worldwide!!!",1
"EXCLUSIVE INVESTIGATION: Intelligence agencies assassinate whistleblowers who expose government crimes!!!",1
"INSIDER CONFESSION: The banking system intentionally causes recessions to control wealth and populations!!!",1
"MUST READ BEFORE DELETION: Ancient texts describe a secret society that rules the entire world from shadows!!!",1
"SHOCKING LEAKED MEMO: Schools teach children propaganda instead of facts to create obedient citizens!!!",1
"THIS PROVES IT ALL: Subliminal frequencies in music control human behavior and emotions through radio waves!!!",1
"EXPOSED AT LAST: The food industry intentionally makes products addictive and nutritionally empty!!!",1
"BREAKING UNCONFIRMED: Military scientists have created weather modification devices in secret locations!!!",1
"WHISTLEBLOWER TESTIMONY: Police departments are actually military units enforcing government control schemes!!!",1
"LEAKED BLUEPRINTS SHOW: Underground tunnels connect major cities for secret transportation of prisoners!!!",1
"HORRIFYING TRUTH: Your car has tracking devices and can be remotely disabled by government agencies!!!",1
"SHOCKING ADMISSION: Major religions are cover stories invented by governments to control populations!!!",1
"DOCTORS HATE THIS: A common spice from your kitchen cabinet is actually worth millions as a cure!!!",1
"EXCLUSIVE REPORT HIDDEN: DNA testing companies secretly catalog your genetic information for government use!!!",1
"BREAKING REVELATION: The entire monetary system is based on a lie maintained by central banks!!!",1
"EXPOSED FINALLY: Hospitals deliberately misdiagnose patients to profit from extended treatments!!!",1
"A comprehensive report from the Congressional Research Service examined the effectiveness of tax policy.",0
"The national institute of health released peer-reviewed findings on disease prevention and public health.",0
"A major law firm published analysis of regulatory compliance standards required by federal agencies.",0
"The Federal Trade Commission reported results from investigations into consumer fraud and market practices.",0
"A technology ethics board released guidelines for responsible artificial intelligence development and deployment.",0
"Scientists at Oxford University published research confirming effectiveness of established medical treatments.",0
"The International Labour Organization released data on workplace safety improvements from regulatory compliance.",0
"A construction standards board updated building codes based on engineering research and safety studies.",0
"The bureau of labor statistics published employment data showing job growth across multiple sectors.",0
"A pharmaceutical manufacturer released comprehensive trial data demonstrating medication safety profiles.",0
"Environmental scientists published findings on biodiversity recovery in protected conservation areas.",0
"The securities and exchange commission released guidance on financial transparency for public companies.",0
"A public health agency announced successful vaccination campaign results with documented immunization rates.",0
"Urban planners published research on sustainable city development practices with measurable outcomes.",0
"The national endowment for the sciences funded research projects that advance fundamental scientific knowledge.",0
"BREAKING EXCLUSIVE LEAKED: The government has secret laser weapons hidden in space satellites!!!",1
"SHOCKING TRUTH SUPPRESSED: All major news networks are controlled by a single wealthy family!!!",1
"THIS WILL BLOW YOUR MIND: Dinosaurs never actually went extinct and live in hidden Earth bases!!!",1
"URGENT REVELATION: Your smart home devices are intentionally recording everything you do privately!!!",1
"EXPOSED FINALLY: The World Economic Forum is secretly implementing a one-world government system!!!",1
"DOCTORS EXPOSED: Modern medicine was invented to create drug-dependent populations for profit!!!",1
"SHOCKING DISCOVERY: Illuminati symbols are hidden in all currency and corporate logos for mind control!!!",1
"BREAKING: The government admits to using chemtrails for population control experiments!!!",1
"MUST KNOW THIS: All natural cures were discovered centuries ago but buried by pharmaceutical corporations!!!",1
"VIRAL EXCLUSIVE: Military generals confirmed aliens have been visiting Earth for thousands of years!!!",1
"THIS PROVES EVERYTHING: Ancient prophecies accurately predict current world events orchestrated by elites!!!",1
"HORRIFYING TRUTH: Tap water contains feminine hormones designed to reduce male testosterone and aggression!!!",1
"LEAKED GOVERNMENT PLAN: Implanted microchips will soon be mandatory for all citizens for surveillance!!!",1
"SHOCKING REALITY: All world wars were orchestrated by secret societies for financial and political gain!!!",1
"DOCTORS HATE THIS CURE: A simple fruit seed contains medicine 1000 times stronger than morphine!!!",1
"EXCLUSIVE INVESTIGATION: Underground tunnels connect government buildings for secret meetings with aliens!!!",1
"MUST WATCH BEFORE DELETION: This video shows proof that humans evolved from alien hybridization!!!",1
"SHOCKING ADMISSION LEAKED: Intelligence agencies created terrorist organizations to justify military spending!!!",1
"BREAKING: The Federal Reserve is not government institution but a private corporation controlling economies!!!",1
"EXPOSED CONSPIRACY: College degrees are intentionally overpriced to enslave graduates in perpetual debt!!!",1
"URGENT FROM INSIDERS: Microplastics in products are actual nanomachines designed to track human bodies!!!",1
"SHOCKING LEAKED TAPE: Corporate leaders admit their products are designed to cause addiction!!!",1
"MUST KNOW: 5G technology is actually mind control equipment disguised as communication infrastructure!!!",1
"VIRAL REVELATION: The moon is actually a hollowed-out spacecraft operated by advanced alien civilizations!!!",1
"BREAKING SUPPRESSED NEWS: Renewable energy technology exists but governments suppress it for oil companies!!!",1
"DOCTORS KEEP THIS QUIET: Activated charcoal can remove all toxins including heavy metals from bloodstream!!!",1
"EXPOSED AT LAST: Social media companies intentionally addict users to harvest personal data for governments!!!",1
"SHOCKING TRUTH HIDDEN: Your fingerprints were added to a government database without your knowledge!!!",1
"A research team at Stanford University published studies on artificial intelligence safety standards.",0
"The centers for disease control released epidemiological reports documenting disease trends and prevention.",0
"A major construction company completed a commercial development project that met all environmental standards.",0
"The national weather association published forecasts based on atmospheric data and weather models.",0
"Scientists at CERN discovered subatomic particles through experiments and peer-reviewed publications.",0
"The consumer product safety commission tested products and published reports on standards compliance.",0
"A financial advisory firm released reports on economic indicators and market trend analysis.",0
"The department of state published diplomatic correspondence following established international protocols.",0
"A university agriculture program documented crop improvement through controlled research and field trials.",0
"The national highway traffic safety administration published collision statistics and safety recommendations.",0
"Researchers at Johns Hopkins University conducted clinical trials that met rigorous ethical standards.",0
"An energy company released sustainability reports documenting progress toward renewable energy goals.",0
"The environmental protection agency published water quality assessments based on tested samples.",0
"A technology company released security audits conducted by independent third-party firms.",0
"The american psychological association published clinical guidelines based on evidence-based research.",0
"A manufacturing facility earned ISO certification after implementing quality control procedures.",0
"The department of agriculture published nutritional guidelines based on peer-reviewed dietary research.",0
"A financial regulator published reports on banking system stability and risk management protocols.",0
"Scientists at the Max Planck Institute published fundamental physics discoveries in peer-reviewed journals.",0
"The international maritime organization published safety standards for commercial shipping operations.",0
